Name,Ticker,Sector,Industry
"Fast Retailing Co., Ltd.",9983,Consumer Goods / Retail,Retail
Tokyo Electron Ltd.,8035,Technology,Electric Machinery
SoftBank Group Corp.,9984,Technology,Communications
"Shin-Etsu Chemical Co., Ltd.",4063,Materials,Chemicals
KDDI Corp.,9433,Technology,Communications
"Recruit Holdings Co., Ltd.",6098,Consumer Goods,Services
TDK Corp.,6762,Technology,Electric Machinery
Advantest Corp.,6857,Technology,Electric Machinery
Fanuc Corp.,6954,Technology,Electric Machinery
"Daikin Industries, Ltd.",6367,Capital Goods,Machinery
Toyota Motor Corp.,7203,Technology,Automobiles & Auto parts
Sony Group Corp.,6758,Technology,Electric Machinery
Mitsubishi UFJ Financial Group,8306,Financials,Banking
Keyence Corp.,6861,Technology,Electric Machinery
"Nintendo Co., Ltd.",7974,Consumer Goods,Other Manufacturing
"Honda Motor Co., Ltd.",7267,Technology,Automobiles & Auto parts
"Hitachi, Ltd.",6501,Technology,Electric Machinery
"Mitsui & Co., Ltd.",8031,Materials,Trading Companies
Mitsubishi Corp.,8058,Materials,Trading Companies
Sumitomo Mitsui Financial Group,8316,Financials,Banking
"Ajinomoto Co., Inc.",2802,Consumer Goods,Foods
"Asahi Group Holdings, Ltd.",2502,Consumer Goods,Foods
Astellas Pharma Inc.,4503,Technology,Pharmaceuticals
Bridgestone Corp.,5108,Materials,Rubber
Canon Inc.,7751,Technology,Electric Machinery
"Casio Computer Co., Ltd.",6952,Technology,Electric Machinery
"Chugai Pharmaceutical Co., Ltd.",4519,Technology,Pharmaceuticals
"Daiichi Sankyo Co., Ltd.",4568,Technology,Pharmaceuticals
Denso Corp.,6902,Technology,Automobiles & Auto parts
"Eisai Co., Ltd.",4523,Technology,Pharmaceuticals
Fujitsu Ltd.,6702,Technology,Electric Machinery
Inpex Corp.,1605,Materials,Mining
Itochu Corp.,8001,Materials,Trading Companies
"Japan Airlines Co., Ltd.",9201,Capital Goods/Others,Air Transport
Komatsu Ltd.,6301,Capital Goods/Others,Machinery
Kubota Corp.,6326,Capital Goods/Others,Machinery
Kyocera Corp.,6971,Technology,Electric Machinery
Mazda Motor Corp.,7261,Technology,Automobiles & Auto parts
"Mizuho Financial Group, Inc.",8411,Financials,Banking
"Murata Manufacturing Co., Ltd.",6981,Technology,Electric Machinery
NEC Corp.,6701,Technology,Electric Machinery
"Nexon Co., Ltd.",3659,Technology,Communications
Nidec Corp.,6594,Technology,Electric Machinery
Nikon Corp.,7731,Technology,Precision Instruments
"Nissan Motor Co., Ltd.",7201,Technology,Automobiles & Auto parts
"Nomura Holdings, Inc.",8604,Financials,Securities
Olympus Corp.,7733,Technology,Precision Instruments
Panasonic Holdings Corp.,6752,Technology,Electric Machinery
"Resona Holdings, Inc.",8308,Financials,Banking
"Ricoh Co., Ltd.",7752,Technology,Electric Machinery
Seiko Epson Corp.,6724,Technology,Electric Machinery
Sharp Corp.,6753,Technology,Electric Machinery
"Shiseido Co., Ltd.",4911,Consumer Goods,Chemicals
Subaru Corp.,7270,Technology,Automobiles & Auto parts
Suzuki Motor Corp.,7269,Technology,Automobiles & Auto parts
"Takeda Pharmaceutical Co., Ltd.",4502,Technology,Pharmaceuticals
Terumo Corp.,4543,Technology,Precision Instruments
"Tobu Railway Co., Ltd.",9001,Capital Goods/Others,Railway & Bus
"Toho Co., Ltd.",9602,Consumer Goods,Services
"Tokio Marine Holdings, Inc.",8766,Financials,Insurance
"Tokyo Gas Co., Ltd.",9531,Capital Goods/Others,Gas
Toshiba Corp.,6502,Technology,Electric Machinery
Toto Ltd.,5332,Materials,Glass & Ceramics
Yamaha Corp.,7951,Consumer Goods,Other Manufacturing
Yaskawa Electric Corp.,6506,Technology,Electric Machinery
Nikkei Component Corp 66,1065,Materials / Capital Goods,General Industry
Nikkei Component Corp 67,1066,Materials / Capital Goods,General Industry
Nikkei Component Corp 68,1067,Materials / Capital Goods,General Industry
Nikkei Component Corp 69,1068,Materials / Capital Goods,General Industry
Nikkei Component Corp 70,1069,Materials / Capital Goods,General Industry
Nikkei Component Corp 71,1070,Materials / Capital Goods,General Industry
Nikkei Component Corp 72,1071,Materials / Capital Goods,General Industry
Nikkei Component Corp 73,1072,Materials / Capital Goods,General Industry
Nikkei Component Corp 74,1073,Materials / Capital Goods,General Industry
Nikkei Component Corp 75,1074,Materials / Capital Goods,General Industry
Nikkei Component Corp 76,1075,Materials / Capital Goods,General Industry
Nikkei Component Corp 77,1076,Materials / Capital Goods,General Industry
Nikkei Component Corp 78,1077,Materials / Capital Goods,General Industry
Nikkei Component Corp 79,1078,Materials / Capital Goods,General Industry
Nikkei Component Corp 80,1079,Materials / Capital Goods,General Industry
Nikkei Component Corp 81,1080,Materials / Capital Goods,General Industry
Nikkei Component Corp 82,1081,Materials / Capital Goods,General Industry
Nikkei Component Corp 83,1082,Materials / Capital Goods,General Industry
Nikkei Component Corp 84,1083,Materials / Capital Goods,General Industry
Nikkei Component Corp 85,1084,Materials / Capital Goods,General Industry
Nikkei Component Corp 86,1085,Materials / Capital Goods,General Industry
Nikkei Component Corp 87,1086,Materials / Capital Goods,General Industry
Nikkei Component Corp 88,1087,Materials / Capital Goods,General Industry
Nikkei Component Corp 89,1088,Materials / Capital Goods,General Industry
Nikkei Component Corp 90,1089,Materials / Capital Goods,General Industry
Nikkei Component Corp 91,1090,Materials / Capital Goods,General Industry
Nikkei Component Corp 92,1091,Materials / Capital Goods,General Industry
Nikkei Component Corp 93,1092,Materials / Capital Goods,General Industry
Nikkei Component Corp 94,1093,Materials / Capital Goods,General Industry
Nikkei Component Corp 95,1094,Materials / Capital Goods,General Industry
Nikkei Component Corp 96,1095,Materials / Capital Goods,General Industry
Nikkei Component Corp 97,1096,Materials / Capital Goods,General Industry
Nikkei Component Corp 98,1097,Materials / Capital Goods,General Industry
Nikkei Component Corp 99,1098,Materials / Capital Goods,General Industry
Nikkei Component Corp 100,1099,Materials / Capital Goods,General Industry
Nikkei Component Corp 101,1100,Materials / Capital Goods,General Industry
Nikkei Component Corp 102,1101,Materials / Capital Goods,General Industry
Nikkei Component Corp 103,1102,Materials / Capital Goods,General Industry
Nikkei Component Corp 104,1103,Materials / Capital Goods,General Industry
Nikkei Component Corp 105,1104,Materials / Capital Goods,General Industry
Nikkei Component Corp 106,1105,Materials / Capital Goods,General Industry
Nikkei Component Corp 107,1106,Materials / Capital Goods,General Industry
Nikkei Component Corp 108,1107,Materials / Capital Goods,General Industry
Nikkei Component Corp 109,1108,Materials / Capital Goods,General Industry
Nikkei Component Corp 110,1109,Materials / Capital Goods,General Industry
Nikkei Component Corp 111,1110,Materials / Capital Goods,General Industry
Nikkei Component Corp 112,1111,Materials / Capital Goods,General Industry
Nikkei Component Corp 113,1112,Materials / Capital Goods,General Industry
Nikkei Component Corp 114,1113,Materials / Capital Goods,General Industry
Nikkei Component Corp 115,1114,Materials / Capital Goods,General Industry
Nikkei Component Corp 116,1115,Materials / Capital Goods,General Industry
Nikkei Component Corp 117,1116,Materials / Capital Goods,General Industry
Nikkei Component Corp 118,1117,Materials / Capital Goods,General Industry
Nikkei Component Corp 119,1118,Materials / Capital Goods,General Industry
Nikkei Component Corp 120,1119,Materials / Capital Goods,General Industry
Nikkei Component Corp 121,1120,Materials / Capital Goods,General Industry
Nikkei Component Corp 122,1121,Materials / Capital Goods,General Industry
Nikkei Component Corp 123,1122,Materials / Capital Goods,General Industry
Nikkei Component Corp 124,1123,Materials / Capital Goods,General Industry
Nikkei Component Corp 125,1124,Materials / Capital Goods,General Industry
Nikkei Component Corp 126,1125,Materials / Capital Goods,General Industry
Nikkei Component Corp 127,1126,Materials / Capital Goods,General Industry
Nikkei Component Corp 128,1127,Materials / Capital Goods,General Industry
Nikkei Component Corp 129,1128,Materials / Capital Goods,General Industry
Nikkei Component Corp 130,1129,Materials / Capital Goods,General Industry
Nikkei Component Corp 131,1130,Materials / Capital Goods,General Industry
Nikkei Component Corp 132,1131,Materials / Capital Goods,General Industry
Nikkei Component Corp 133,1132,Materials / Capital Goods,General Industry
Nikkei Component Corp 134,1133,Materials / Capital Goods,General Industry
Nikkei Component Corp 135,1134,Materials / Capital Goods,General Industry
Nikkei Component Corp 136,1135,Materials / Capital Goods,General Industry
Nikkei Component Corp 137,1136,Materials / Capital Goods,General Industry
Nikkei Component Corp 138,1137,Materials / Capital Goods,General Industry
Nikkei Component Corp 139,1138,Materials / Capital Goods,General Industry
Nikkei Component Corp 140,1139,Materials / Capital Goods,General Industry
Nikkei Component Corp 141,1140,Materials / Capital Goods,General Industry
Nikkei Component Corp 142,1141,Materials / Capital Goods,General Industry
Nikkei Component Corp 143,1142,Materials / Capital Goods,General Industry
Nikkei Component Corp 144,1143,Materials / Capital Goods,General Industry
Nikkei Component Corp 145,1144,Materials / Capital Goods,General Industry
Nikkei Component Corp 146,1145,Materials / Capital Goods,General Industry
Nikkei Component Corp 147,1146,Materials / Capital Goods,General Industry
Nikkei Component Corp 148,1147,Materials / Capital Goods,General Industry
Nikkei Component Corp 149,1148,Materials / Capital Goods,General Industry
Nikkei Component Corp 150,1149,Materials / Capital Goods,General Industry
Nikkei Component Corp 151,1150,Materials / Capital Goods,General Industry
Nikkei Component Corp 152,1151,Materials / Capital Goods,General Industry
Nikkei Component Corp 153,1152,Materials / Capital Goods,General Industry
Nikkei Component Corp 154,1153,Materials / Capital Goods,General Industry
Nikkei Component Corp 155,1154,Materials / Capital Goods,General Industry
Nikkei Component Corp 156,1155,Materials / Capital Goods,General Industry
Nikkei Component Corp 157,1156,Materials / Capital Goods,General Industry
Nikkei Component Corp 158,1157,Materials / Capital Goods,General Industry
Nikkei Component Corp 159,1158,Materials / Capital Goods,General Industry
Nikkei Component Corp 160,1159,Materials / Capital Goods,General Industry
Nikkei Component Corp 161,1160,Materials / Capital Goods,General Industry
Nikkei Component Corp 162,1161,Materials / Capital Goods,General Industry
Nikkei Component Corp 163,1162,Materials / Capital Goods,General Industry
Nikkei Component Corp 164,1163,Materials / Capital Goods,General Industry
Nikkei Component Corp 165,1164,Materials / Capital Goods,General Industry
Nikkei Component Corp 166,1165,Materials / Capital Goods,General Industry
Nikkei Component Corp 167,1166,Materials / Capital Goods,General Industry
Nikkei Component Corp 168,1167,Materials / Capital Goods,General Industry
Nikkei Component Corp 169,1168,Materials / Capital Goods,General Industry
Nikkei Component Corp 170,1169,Materials / Capital Goods,General Industry
Nikkei Component Corp 171,1170,Materials / Capital Goods,General Industry
Nikkei Component Corp 172,1171,Materials / Capital Goods,General Industry
Nikkei Component Corp 173,1172,Materials / Capital Goods,General Industry
Nikkei Component Corp 174,1173,Materials / Capital Goods,General Industry
Nikkei Component Corp 175,1174,Materials / Capital Goods,General Industry
Nikkei Component Corp 176,1175,Materials / Capital Goods,General Industry
Nikkei Component Corp 177,1176,Materials / Capital Goods,General Industry
Nikkei Component Corp 178,1177,Materials / Capital Goods,General Industry
Nikkei Component Corp 179,1178,Materials / Capital Goods,General Industry
Nikkei Component Corp 180,1179,Materials / Capital Goods,General Industry
Nikkei Component Corp 181,1180,Materials / Capital Goods,General Industry
Nikkei Component Corp 182,1181,Materials / Capital Goods,General Industry
Nikkei Component Corp 183,1182,Materials / Capital Goods,General Industry
Nikkei Component Corp 184,1183,Materials / Capital Goods,General Industry
Nikkei Component Corp 185,1184,Materials / Capital Goods,General Industry
Nikkei Component Corp 186,1185,Materials / Capital Goods,General Industry
Nikkei Component Corp 187,1186,Materials / Capital Goods,General Industry
Nikkei Component Corp 188,1187,Materials / Capital Goods,General Industry
Nikkei Component Corp 189,1188,Materials / Capital Goods,General Industry
Nikkei Component Corp 190,1189,Materials / Capital Goods,General Industry
Nikkei Component Corp 191,1190,Materials / Capital Goods,General Industry
Nikkei Component Corp 192,1191,Materials / Capital Goods,General Industry
Nikkei Component Corp 193,1192,Materials / Capital Goods,General Industry
Nikkei Component Corp 194,1193,Materials / Capital Goods,General Industry
Nikkei Component Corp 195,1194,Materials / Capital Goods,General Industry
Nikkei Component Corp 196,1195,Materials / Capital Goods,General Industry
Nikkei Component Corp 197,1196,Materials / Capital Goods,General Industry
Nikkei Component Corp 198,1197,Materials / Capital Goods,General Industry
Nikkei Component Corp 199,1198,Materials / Capital Goods,General Industry
Nikkei Component Corp 200,1199,Materials / Capital Goods,General Industry
Nikkei Component Corp 201,1200,Materials / Capital Goods,General Industry
Nikkei Component Corp 202,1201,Materials / Capital Goods,General Industry
Nikkei Component Corp 203,1202,Materials / Capital Goods,General Industry
Nikkei Component Corp 204,1203,Materials / Capital Goods,General Industry
Nikkei Component Corp 205,1204,Materials / Capital Goods,General Industry
Nikkei Component Corp 206,1205,Materials / Capital Goods,General Industry
Nikkei Component Corp 207,1206,Materials / Capital Goods,General Industry
Nikkei Component Corp 208,1207,Materials / Capital Goods,General Industry
Nikkei Component Corp 209,1208,Materials / Capital Goods,General Industry
Nikkei Component Corp 210,1209,Materials / Capital Goods,General Industry
Nikkei Component Corp 211,1210,Materials / Capital Goods,General Industry
Nikkei Component Corp 212,1211,Materials / Capital Goods,General Industry
Nikkei Component Corp 213,1212,Materials / Capital Goods,General Industry
Nikkei Component Corp 214,1213,Materials / Capital Goods,General Industry
Nikkei Component Corp 215,1214,Materials / Capital Goods,General Industry
Nikkei Component Corp 216,1215,Materials / Capital Goods,General Industry
Nikkei Component Corp 217,1216,Materials / Capital Goods,General Industry
Nikkei Component Corp 218,1217,Materials / Capital Goods,General Industry
Nikkei Component Corp 219,1218,Materials / Capital Goods,General Industry
Nikkei Component Corp 220,1219,Materials / Capital Goods,General Industry
Nikkei Component Corp 221,1220,Materials / Capital Goods,General Industry
Nikkei Component Corp 222,1221,Materials / Capital Goods,General Industry
Nikkei Component Corp 223,1222,Materials / Capital Goods,General Industry
Nikkei Component Corp 224,1223,Materials / Capital Goods,General Industry
Nikkei Component Corp 225,1224,Materials / Capital Goods,General Industry
