Ticker,Status_am_2026-10-03,Erste_Aufnahme_seit_2020,Letzter_Austritt_seit_2020
A,Aktuell,,
AAL,Ehemalig,,2024-09-22
AAP,Ehemalig,,2023-08-29
AAPL,Aktuell,,
ABBV,Aktuell,,
ABC,Ehemalig,,2023-09-03
ABMD,Ehemalig,,2022-12-22
ABNB,Aktuell,2023-09-18,
ABT,Aktuell,,
ACGL,Aktuell,2022-11-01,
ACN,Aktuell,,
ADBE,Aktuell,,
ADI,Aktuell,,
ADM,Aktuell,,
ADP,Aktuell,,
ADS,Ehemalig,,2020-06-22
ADSK,Aktuell,,
AEE,Aktuell,,
AEP,Aktuell,,
AES,Aktuell,,
AFL,Aktuell,,
AIG,Aktuell,,
AIV,Ehemalig,,2020-12-21
AIZ,Aktuell,,
AJG,Aktuell,,
AKAM,Aktuell,,
ALB,Aktuell,,
ALGN,Aktuell,,
ALK,Ehemalig,,2023-12-17
ALL,Aktuell,,
ALLE,Aktuell,,
ALXN,Ehemalig,,2021-07-21
AMAT,Aktuell,,
AMCR,Aktuell,,
AMD,Aktuell,,
AME,Aktuell,,
AMGN,Aktuell,,
AMP,Aktuell,,
AMT,Aktuell,,
AMTM,Ehemalig,2024-10-01,2024-12-26
AMZN,Aktuell,,
ANET,Aktuell,,
ANSS,Ehemalig,,2025-07-18
ANTM,Ehemalig,,2022-06-28
AON,Aktuell,,
AOS,Aktuell,,
APA,Aktuell,,
APD,Aktuell,,
APH,Aktuell,,
APO,Aktuell,2024-12-26,
APP,Aktuell,2025-09-23,
APTV,Aktuell,,
ARE,Aktuell,,
ARES,Aktuell,2025-12-13,
ATO,Aktuell,,
ATVI,Ehemalig,,2023-10-14
AVB,Ehemalig,,2026-08-18
AVGO,Aktuell,,
AVY,Aktuell,,
AWK,Aktuell,,
AXON,Aktuell,2023-05-07,
AXP,Aktuell,,
AZO,Aktuell,,
BA,Aktuell,,
BAC,Aktuell,,
BALL,Aktuell,2022-05-10,
BAX,Aktuell,,
BBWI,Ehemalig,2021-08-03,2024-10-01
BBY,Aktuell,,
BDX,Aktuell,,
BE,Aktuell,2026-09-21,
BEN,Aktuell,,
BF.B,Aktuell,,
BG,Aktuell,2023-03-15,
BIIB,Aktuell,,
BIO,Ehemalig,2020-06-22,2024-09-22
BK,Ehemalig,,2026-05-22
BKNG,Aktuell,,
BKR,Aktuell,,
BLDR,Ehemalig,2023-12-17,2026-09-21
BLK,Aktuell,,
BLL,Ehemalig,,2022-05-10
BMY,Aktuell,,
BNY,Aktuell,2026-05-22,
BR,Aktuell,,
BRK.B,Aktuell,,
BRO,Aktuell,2021-09-20,
BSX,Aktuell,,
BWA,Ehemalig,,2025-03-25
BX,Aktuell,2023-09-18,
BXP,Aktuell,,
C,Aktuell,,
CAG,Ehemalig,,2026-06-30
CAH,Aktuell,,
CARR,Aktuell,2020-04-03,
CASY,Aktuell,2026-04-09,
CAT,Aktuell,,
CB,Aktuell,,
CBOE,Aktuell,,
CBRE,Aktuell,,
CCI,Aktuell,,
CCL,Aktuell,,
CDAY,Ehemalig,2021-09-20,2024-02-02
CDNS,Aktuell,,
CDW,Aktuell,,
CE,Ehemalig,,2025-03-25
CEG,Aktuell,,
CERN,Ehemalig,,2022-06-08
CF,Aktuell,,
CFG,Aktuell,,
CHD,Aktuell,,
CHRW,Aktuell,,
CHTR,Aktuell,,
CI,Aktuell,,
CIEN,Aktuell,2026-02-08,
CINF,Aktuell,,
CL,Aktuell,,
CLX,Aktuell,,
CMA,Ehemalig,,2024-06-23
CMCSA,Aktuell,,
CME,Aktuell,,
CMG,Aktuell,,
CMI,Aktuell,,
CMS,Aktuell,,
CNC,Aktuell,,
CNP,Aktuell,,
COF,Aktuell,,
COG,Ehemalig,,2021-10-04
COHR,Aktuell,2026-03-25,
COIN,Aktuell,2025-05-17,
COO,Aktuell,,
COP,Aktuell,,
COR,Aktuell,2023-09-03,
COST,Aktuell,,
COTY,Ehemalig,,2020-09-21
CPAY,Aktuell,2024-03-27,
CPB,Ehemalig,,2026-06-20
CPRI,Ehemalig,,2020-05-12
CPRT,Aktuell,,
CPT,Aktuell,2022-04-04,
CRH,Aktuell,2026-01-02,
CRL,Aktuell,2021-05-14,
CRM,Aktuell,,
CRWD,Aktuell,2024-06-23,
CSCO,Aktuell,,
CSGP,Aktuell,2022-09-19,
CSX,Aktuell,,
CTAS,Aktuell,,
CTL,Ehemalig,,2020-09-18
CTLT,Ehemalig,2020-09-21,2024-12-19
CTRA,Ehemalig,2021-10-04,2026-05-07
CTSH,Aktuell,,
CTVA,Ehemalig,,2026-10-01
CTXS,Ehemalig,,2022-10-03
CVNA,Aktuell,2026-01-02,
CVS,Aktuell,,
CVX,Aktuell,,
CXO,Ehemalig,,2021-01-21
CZR,Ehemalig,2021-03-22,2025-09-23
D,Aktuell,,
DAL,Aktuell,,
DASH,Aktuell,2025-03-25,
DAY,Ehemalig,2024-02-02,2026-02-05
DD,Aktuell,,
DDOG,Aktuell,2025-07-11,
DE,Aktuell,,
DECK,Aktuell,2024-03-18,
DELL,Aktuell,2024-09-22,
DFS,Ehemalig,,2025-05-17
DG,Aktuell,,
DGX,Aktuell,,
DHI,Aktuell,,
DHR,Aktuell,,
DIS,Aktuell,,
DISCA,Ehemalig,,2022-04-11
DISCK,Ehemalig,,2022-04-11
DISH,Ehemalig,,2023-06-20
DLR,Aktuell,,
DLTR,Aktuell,,
DOC,Aktuell,2024-03-04,
DOV,Aktuell,,
DOW,Aktuell,,
DPZ,Aktuell,2020-05-12,
DRE,Ehemalig,,2022-10-03
DRI,Aktuell,,
DTE,Aktuell,,
DUK,Aktuell,,
DVA,Aktuell,,
DVN,Aktuell,,
DXC,Ehemalig,,2023-10-06
DXCM,Aktuell,2020-05-12,
EA,Ehemalig,,2026-08-06
EBAY,Aktuell,,
ECHO,Aktuell,2026-06-25,
ECL,Aktuell,,
ED,Aktuell,,
EFX,Aktuell,,
EG,Aktuell,2023-07-11,
EIX,Aktuell,,
EL,Aktuell,,
ELV,Aktuell,2022-06-28,
EME,Aktuell,2025-09-23,
EMN,Ehemalig,,2025-11-06
EMR,Aktuell,,
ENPH,Ehemalig,2021-01-07,2025-09-23
EOG,Aktuell,,
EPAM,Ehemalig,2021-12-14,2026-06-04
EQIX,Aktuell,,
EQR,Ehemalig,,2026-08-18
EQT,Aktuell,2022-10-03,
ERIE,Aktuell,2024-09-22,
ES,Aktuell,,
ESS,Aktuell,,
ETFC,Ehemalig,,2020-10-07
ETN,Aktuell,,
ETR,Aktuell,,
ETSY,Ehemalig,2020-09-21,2024-09-22
EVRG,Aktuell,,
EW,Aktuell,,
EXC,Aktuell,,
EXE,Aktuell,2025-03-25,
EXPD,Aktuell,,
EXPE,Aktuell,,
EXR,Aktuell,,
F,Aktuell,,
FANG,Aktuell,,
FAST,Aktuell,,
FB,Ehemalig,,2022-06-09
FBHS,Ehemalig,,2022-12-19
FCX,Aktuell,,
FDS,Aktuell,2021-12-20,
FDX,Aktuell,,
FDXF,Aktuell,2026-06-04,
FE,Aktuell,,
FERG,Aktuell,2026-08-06,
FFIV,Aktuell,,
FI,Ehemalig,,2025-11-13
FICO,Aktuell,2023-03-20,
FIS,Aktuell,,
FISV,Aktuell,2025-11-13,
FITB,Aktuell,,
FIX,Aktuell,2026-01-01,
FLEX,Aktuell,2026-06-20,
FLIR,Ehemalig,,2021-05-14
FLS,Ehemalig,,2021-03-22
FLT,Ehemalig,,2024-03-26
FMC,Ehemalig,,2025-03-25
FOX,Aktuell,,
FOXA,Aktuell,,
FRC,Ehemalig,,2023-05-07
FRT,Aktuell,,
FSLR,Aktuell,2022-12-19,
FTI,Ehemalig,,2021-02-12
FTNT,Aktuell,,
FTV,Aktuell,,
GD,Aktuell,,
GDDY,Aktuell,2024-06-23,
GE,Aktuell,,
GEHC,Aktuell,2023-01-04,
GEN,Aktuell,2022-11-08,
GEV,Aktuell,2024-04-03,
GILD,Aktuell,,
GIS,Aktuell,,
GL,Aktuell,,
GLW,Aktuell,,
GM,Aktuell,,
GNRC,Aktuell,2021-03-22,
GOOG,Aktuell,,
GOOGL,Aktuell,,
GPC,Aktuell,,
GPN,Aktuell,,
GPS,Ehemalig,,2022-02-02
GRMN,Aktuell,,
GS,Aktuell,,
GWW,Aktuell,,
HAL,Aktuell,,
HAS,Aktuell,,
HBAN,Aktuell,,
HBI,Ehemalig,,2021-12-20
HCA,Aktuell,,
HD,Aktuell,,
HES,Ehemalig,,2025-07-22
HFC,Ehemalig,,2021-06-04
HIG,Aktuell,,
HII,Aktuell,,
HLT,Aktuell,,
HOG,Ehemalig,,2020-06-22
HOLX,Ehemalig,,2026-04-09
HON,Aktuell,,
HONA,Aktuell,2026-06-30,
HOOD,Aktuell,2025-09-23,
HP,Ehemalig,,2020-05-22
HPE,Aktuell,,
HPQ,Aktuell,,
HRB,Ehemalig,,2020-09-21
HRL,Aktuell,,
HSIC,Aktuell,,
HST,Aktuell,,
HSY,Aktuell,,
HUBB,Aktuell,2023-10-18,
HUM,Aktuell,,
HWM,Aktuell,2020-04-06,
IBKR,Aktuell,2025-08-27,
IBM,Aktuell,,
ICE,Aktuell,,
IDXX,Aktuell,,
IEX,Aktuell,,
IFF,Aktuell,,
ILMN,Aktuell,2026-09-21,2024-06-23
INCY,Aktuell,,
INFO,Ehemalig,,2022-03-02
INTC,Aktuell,,
INTU,Aktuell,,
INVH,Aktuell,2022-09-19,
IP,Aktuell,,
IPG,Ehemalig,,2025-11-29
IPGP,Ehemalig,,2022-06-21
IQV,Aktuell,,
IR,Aktuell,,
IRM,Aktuell,,
ISRG,Aktuell,,
IT,Aktuell,,
ITW,Aktuell,,
IVZ,Aktuell,,
J,Aktuell,,
JBHT,Aktuell,,
JBL,Aktuell,2023-12-17,
JCI,Aktuell,,
JKHY,Aktuell,,
JNJ,Aktuell,,
JNPR,Ehemalig,,2025-07-04
JPM,Aktuell,,
JWN,Ehemalig,,2020-06-22
K,Ehemalig,,2025-12-12
KDP,Aktuell,2022-06-21,
KEY,Aktuell,,
KEYS,Aktuell,,
KHC,Aktuell,,
KIM,Aktuell,,
KKR,Aktuell,2024-06-23,
KLAC,Aktuell,,
KMB,Aktuell,,
KMI,Aktuell,,
KMX,Ehemalig,,2025-10-31
KO,Aktuell,,
KR,Aktuell,,
KSS,Ehemalig,,2020-09-21
KSU,Ehemalig,,2021-12-14
KVUE,Aktuell,2023-08-29,
L,Aktuell,,
LB,Ehemalig,,2021-08-03
LDOS,Aktuell,,
LEG,Ehemalig,,2021-12-20
LEN,Aktuell,,
LH,Aktuell,,
LHX,Aktuell,,
LII,Aktuell,2024-12-24,
LIN,Aktuell,,
LITE,Aktuell,2026-03-25,
LKQ,Ehemalig,,2025-12-24
LLY,Aktuell,,
LMT,Aktuell,,
LNC,Ehemalig,,2023-09-18
LNT,Aktuell,,
LOW,Aktuell,,
LRCX,Aktuell,,
LULU,Aktuell,2023-10-18,
LUMN,Ehemalig,2020-09-18,2023-03-20
LUV,Aktuell,,
LVS,Aktuell,,
LW,Ehemalig,,2026-03-25
LYB,Aktuell,,
LYV,Aktuell,,
M,Ehemalig,,2020-04-06
MA,Aktuell,,
MAA,Aktuell,,
MAR,Aktuell,,
MAS,Aktuell,,
MCD,Aktuell,,
MCHP,Aktuell,,
MCK,Aktuell,,
MCO,Aktuell,,
MDLZ,Aktuell,,
MDT,Aktuell,,
MET,Aktuell,,
META,Aktuell,2022-06-09,
MGM,Aktuell,,
MHK,Ehemalig,,2025-12-24
MKC,Aktuell,,
MKTX,Ehemalig,,2025-09-23
MLM,Aktuell,,
MMC,Ehemalig,,2026-01-15
MMM,Aktuell,,
MNST,Aktuell,,
MO,Aktuell,,
MOH,Ehemalig,2022-03-02,2026-03-25
MOS,Aktuell,,
MPC,Aktuell,,
MPWR,Aktuell,2021-02-12,
MRK,Aktuell,,
MRNA,Aktuell,2021-07-21,
MRO,Ehemalig,,2024-11-23
MRSH,Aktuell,2026-01-15,
MRVL,Aktuell,2026-06-20,
MS,Aktuell,,
MSCI,Aktuell,,
MSFT,Aktuell,,
MSI,Aktuell,,
MTB,Aktuell,,
MTCH,Ehemalig,2021-09-20,2026-03-25
MTD,Aktuell,,
MU,Aktuell,,
MXIM,Ehemalig,,2021-08-30
MYL,Ehemalig,,2020-11-17
NBL,Ehemalig,,2020-10-12
NCLH,Aktuell,,
NDAQ,Aktuell,,
NDSN,Aktuell,2022-02-15,
NEE,Aktuell,,
NEM,Aktuell,,
NFLX,Aktuell,,
NI,Aktuell,,
NKE,Aktuell,,
NLOK,Ehemalig,,2022-11-08
NLSN,Ehemalig,,2022-10-12
NOC,Aktuell,,
NOV,Ehemalig,,2021-09-20
NOW,Aktuell,,
NRG,Aktuell,,
NSC,Aktuell,,
NTAP,Aktuell,,
NTRS,Aktuell,,
NUE,Aktuell,,
NVDA,Aktuell,,
NVR,Aktuell,,
NWL,Ehemalig,,2023-09-18
NWS,Aktuell,,
NWSA,Aktuell,,
NXPI,Aktuell,2021-03-22,
O,Aktuell,,
ODFL,Aktuell,,
OGN,Ehemalig,2021-06-04,2023-10-18
OKE,Aktuell,,
OMC,Aktuell,,
ON,Aktuell,2022-06-21,
ORCL,Aktuell,,
ORLY,Aktuell,,
OTIS,Aktuell,2020-04-03,
OXY,Aktuell,,
P,Aktuell,2026-09-21,
PANW,Aktuell,2023-06-20,
PARA,Ehemalig,2022-02-17,2025-08-09
PAYC,Ehemalig,2020-01-28,2026-03-25
PAYX,Aktuell,,
PBCT,Ehemalig,,2022-04-04
PCAR,Aktuell,,
PCG,Aktuell,2022-10-03,
PEAK,Ehemalig,,2024-03-04
PEG,Aktuell,,
PENN,Ehemalig,2021-03-22,2022-09-19
PEP,Aktuell,,
PFE,Aktuell,,
PFG,Aktuell,,
PG,Aktuell,,
PGR,Aktuell,,
PH,Aktuell,,
PHM,Aktuell,,
PKG,Aktuell,,
PKI,Ehemalig,,2023-05-18
PLD,Aktuell,,
PLTR,Aktuell,2024-09-22,
PM,Aktuell,,
PNC,Aktuell,,
PNR,Aktuell,,
PNW,Aktuell,,
PODD,Aktuell,2023-03-15,
POOL,Ehemalig,2020-10-07,2026-06-20
PPG,Aktuell,,
PPL,Aktuell,,
PRGO,Ehemalig,,2021-09-20
PRU,Aktuell,,
PSA,Aktuell,,
PSKY,Aktuell,2025-08-12,
PSX,Aktuell,,
PTC,Aktuell,2021-04-20,
PVH,Ehemalig,,2022-09-19
PWR,Aktuell,,
PXD,Ehemalig,,2024-05-04
PYPL,Aktuell,,
Q,Aktuell,2025-11-06,
QCOM,Aktuell,,
QRVO,Ehemalig,,2024-12-26
RCL,Aktuell,,
RDDT,Aktuell,2026-08-18,
RE,Ehemalig,,2023-07-11
REG,Aktuell,,
REGN,Aktuell,,
RF,Aktuell,,
RHI,Ehemalig,,2024-06-23
RJF,Aktuell,,
RL,Aktuell,,
RMD,Aktuell,,
ROK,Aktuell,,
ROL,Aktuell,,
ROP,Aktuell,,
ROST,Aktuell,,
RSG,Aktuell,,
RTN,Ehemalig,,2020-04-06
RTX,Aktuell,2020-04-03,
RVTY,Aktuell,2023-05-18,
SATS,Ehemalig,2026-03-25,2026-06-25
SBAC,Aktuell,,
SBNY,Ehemalig,2021-12-20,2023-03-15
SBUX,Aktuell,,
SCHW,Aktuell,,
SEDG,Ehemalig,2021-12-20,2023-12-17
SEE,Ehemalig,,2023-12-17
SHW,Aktuell,,
SIVB,Ehemalig,,2023-03-15
SJM,Aktuell,,
SLB,Aktuell,,
SLG,Ehemalig,,2021-03-22
SMCI,Aktuell,2024-03-18,
SNA,Aktuell,,
SNDK,Aktuell,2025-12-02,
SNPS,Aktuell,,
SO,Aktuell,,
SOLS,Ehemalig,2025-10-31,2026-01-02
SOLV,Aktuell,2024-04-02,
SPG,Aktuell,,
SPGI,Aktuell,,
SRE,Aktuell,,
STE,Aktuell,,
STLD,Aktuell,2022-12-22,
STT,Aktuell,,
STX,Aktuell,,
STZ,Aktuell,,
SW,Aktuell,2024-07-12,
SWK,Aktuell,,
SWKS,Aktuell,,
SYF,Aktuell,,
SYK,Aktuell,,
SYY,Aktuell,,
T,Aktuell,,
TAP,Ehemalig,,2026-09-21
TDG,Aktuell,,
TDY,Aktuell,2020-06-22,
TECH,Aktuell,2021-08-30,
TEL,Aktuell,,
TER,Aktuell,2020-09-21,
TFC,Aktuell,,
TFX,Ehemalig,,2025-03-25
TGT,Aktuell,,
TIF,Ehemalig,,2021-01-07
TJX,Aktuell,,
TKO,Aktuell,2025-03-25,
TMO,Aktuell,,
TMUS,Aktuell,,
TPL,Aktuell,2024-11-26,
TPR,Aktuell,,
TRGP,Aktuell,2022-10-12,
TRMB,Aktuell,2021-01-21,
TROW,Aktuell,,
TRV,Aktuell,,
TSCO,Aktuell,,
TSLA,Aktuell,2020-12-21,
TSN,Aktuell,,
TT,Aktuell,2020-03-03,
TTD,Ehemalig,2025-07-18,2026-09-21
TTWO,Aktuell,,
TWTR,Ehemalig,,2022-11-01
TXN,Aktuell,,
TXT,Aktuell,,
TYL,Aktuell,2020-06-22,
UA,Ehemalig,,2022-06-21
UAA,Ehemalig,,2022-06-21
UAL,Aktuell,,
UBER,Aktuell,2023-12-17,
UDR,Aktuell,,
UHS,Aktuell,,
ULTA,Aktuell,,
UNH,Aktuell,,
UNM,Ehemalig,,2021-09-20
UNP,Aktuell,,
UPS,Aktuell,,
URI,Aktuell,,
USB,Aktuell,,
UTX,Ehemalig,,2020-04-03
V,Aktuell,,
VAR,Ehemalig,,2021-04-20
VEEV,Aktuell,2026-05-07,
VFC,Ehemalig,,2024-04-04
VIAC,Ehemalig,,2022-02-17
VICI,Aktuell,2022-06-08,
VLO,Aktuell,,
VLTO,Aktuell,2023-10-06,
VMC,Aktuell,,
VMRK,Aktuell,2026-08-18,
VNO,Ehemalig,,2023-01-04
VNT,Ehemalig,2020-10-12,2021-03-22
VRSK,Aktuell,,
VRSN,Aktuell,,
VRT,Aktuell,2026-03-25,
VRTX,Aktuell,,
VST,Aktuell,2024-05-08,
VTR,Aktuell,,
VTRS,Aktuell,2020-11-17,
VYLR,Aktuell,2026-10-01,
VZ,Aktuell,,
WAB,Aktuell,,
WAT,Aktuell,,
WBA,Ehemalig,,2025-08-30
WBD,Aktuell,2022-04-11,
WCG,Ehemalig,,2020-01-28
WDAY,Aktuell,2024-12-26,
WDC,Aktuell,,
WEC,Aktuell,,
WELL,Aktuell,,
WFC,Aktuell,,
WHR,Ehemalig,,2024-03-18
WLTW,Ehemalig,,2022-01-20
WM,Aktuell,,
WMB,Aktuell,,
WMT,Aktuell,,
WRB,Aktuell,,
WRK,Ehemalig,,2024-07-09
WSM,Aktuell,2025-03-25,
WST,Aktuell,2020-05-22,
WTW,Aktuell,2022-01-20,
WU,Ehemalig,,2021-12-20
WY,Aktuell,,
WYNN,Aktuell,,
XEC,Ehemalig,,2020-03-03
XEL,Aktuell,,
XLNX,Ehemalig,,2022-02-15
XOM,Aktuell,,
XRAY,Ehemalig,,2024-04-04
XRX,Ehemalig,,2021-03-22
XYL,Aktuell,,
XYZ,Aktuell,2025-07-23,
YUM,Aktuell,,
ZBH,Aktuell,,
ZBRA,Aktuell,,
ZION,Ehemalig,,2024-03-18
ZTS,Aktuell,,
